GBDT,LR
-43.49578796418696,-443.18155618530085
-0.03494244731526952,-0.547579049870581
-0.5672222178955673,0.1471395103439349
-0.6251948409015518,-44.491554321402326
-1.571121457865575,-21.934048004629723
-5.521364966369071,-4.424153327795664
-0.6251948409015518,-44.491554321402326
-0.5672222178955673,0.1471395103439349
-0.7669099629489522,-100.97600998880846
-3.4459438713475707,-3.3475351953753645
-0.4444782408659227,0.1089767199932693
-4.063424925166495,-67.30081606682971
-0.3083545515590358,-2.6451427472391837
-1.4523593667014016,-5.955353040493258
-1.1040306841391216,-3.6361300846652886
-0.7363616394825507,-5.761030775729316
