Mode,Daily_Travel_cap,Mode_Share,Ownership,Avg_trip_dist
2_3_Wheel,0.13500505908067828,0.009566845272877555,,
Bike,1.7558058866495985,0.12442143547188247,,
Car,5.5531336089461005,0.39351095713128564,0.5666237912636694,
Foot,0.7375993730766391,0.052268404781622056,,
Transit,5.930219692321809,0.42023235734233233,,
All,14.111763620074825,,,4.9444244487521525
Commute,,,,9.753555901801484
