Mode,Daily_Travel_cap,Mode_Share,Ownership,Avg_trip_dist
2_3_Wheel,0.14709684641065995,0.009730236681452618,,
Bike,1.7843867507462814,0.11803451834404027,,
Car,6.172214856012572,0.40828279370527715,0.5666237912636694,
Foot,0.7408106247471108,0.049003516328286104,,
Transit,6.2729902416066095,0.41494893494094387,,
All,15.117499319523233,,,5.211775503279588
Commute,,,,10.187606663257437
