Mode,Daily_Travel_cap,Mode_Share,Ownership,Avg_trip_dist
2_3_Wheel,0.1694726821787172,0.009566845272877553,,
Bike,2.2040739437613763,0.12442143547188247,,
Car,6.970882821824303,0.3935109571312856,0.5958029366877712,
Foot,0.9259130359991714,0.052268404781622056,,
Transit,7.444241304810922,0.42023235734233233,,
All,17.71458378857449,,,4.9444244487521525
Commute,,,,9.753555901801484
