Mode,Daily_Travel_cap,Mode_Share,Ownership,Avg_trip_dist
2_3_Wheel,0.14762753340794746,0.009730236681452616,,
Bike,1.7908243520263898,0.11803451834404026,,
Car,6.194482594910292,0.4082827937052771,0.5666237912636694,
Foot,0.74348327596703,0.04900351632828609,,
Transit,6.29562155177106,0.41494893494094387,,
All,15.17203930808272,,,5.211775503279588
Commute,,,,10.187606663257437
