Mode,Daily_Travel_cap,Mode_Share,Ownership,Avg_trip_dist
2_3_Wheel,0.18095398955389025,0.010393484507744825,,
Bike,0.112977466938289,0.006489105629791381,,
Car,14.357098190312293,0.8246310456324176,0.809340443475866,
Foot,1.024528316797132,0.05884600397387563,,
Transit,1.7347714999243447,0.09964036025617046,,
All,17.41032946352595,,,4.431078670324944
Commute,,,,7.5348793829132
