Mode,Daily_Travel_cap,Mode_Share,Ownership,Avg_trip_dist
2_3_Wheel,0.19445751273377923,0.011983365437667936,,
Bike,0.07623876580122312,0.004698183054329155,,
Car,13.553308203481278,0.8352171269104475,0.8514764480432508,
Foot,0.9194051517048913,0.056657969976391546,,
Transit,1.4838775791456589,0.09144335462116383,,
All,16.22728721286683,,,4.537164991698511
Commute,,,,7.959479176269755
