Mode,Daily_Travel_cap,Mode_Share,Ownership,Avg_trip_dist
2_3_Wheel,0.17144320890061626,0.011983365437667938,,
Bike,0.06721580703070339,0.004698183054329154,,
Car,11.949256251184375,0.8352171269104476,0.84163701385028,
Foot,0.8105923359404529,0.05665796997639155,,
Transit,1.3082587049886603,0.09144335462116385,,
All,14.306766308044807,,,4.537164991698511
Commute,,,,7.959479176269755
