Mode,Daily_Travel_cap,Mode_Share,Ownership,Avg_trip_dist
2_3_Wheel,0.045743151339283486,0.0035572523112681904,,
Bike,0.19921059817223133,0.015491769588002082,,
Car,9.57849625888284,0.744879330736517,0.7691854761250231,
Foot,0.9021560042442195,0.07015687457602464,,
Transit,2.133518765883439,0.16591477278818806,,
All,12.859124778522013,,,3.695965339456379
Commute,,,,5.849553819496674
