Mode,Daily_Travel_cap,Mode_Share,Ownership,Avg_trip_dist
2_3_Wheel,0.046114936089908916,0.003181109149201823,,
Bike,0.20590980438864578,0.014204108650915244,,
Car,11.002325244723636,0.7589644585053067,0.7691854761250231,
Foot,0.9194302351006735,0.06342430849799129,,
Transit,2.3227157900524196,0.160226015196585,,
All,14.496496010355283,,,4.0165346769595045
Commute,,,,6.587318939845118
