Mode,Daily_Travel_cap,Mode_Share,Ownership,Avg_trip_dist
2_3_Wheel,0.16879685522057242,0.012593173470928908,,
Bike,1.9140303968419239,0.14279719124247975,,
Car,7.590153951629894,0.5662672166435143,0.7120275144738065,
Foot,0.7031984840198312,0.05246247320297638,,
Transit,3.027658162233753,0.22587994544010065,,
All,13.403837849945974,,,4.412296347636508
Commute,,,,8.214904718662863
