Mode,Daily_Travel_cap,Mode_Share,Ownership,Avg_trip_dist
2_3_Wheel,0.18802347702751207,0.012894899066639525,,
Bike,2.2402913922397407,0.15364215064784587,,
Car,7.831898502840448,0.5371219716329119,0.7502109772219739,
Foot,0.8594188229863037,0.05894008106634983,,
Transit,3.4615968673302846,0.23740089758625302,,
All,14.581229062424288,,,4.016885898492275
Commute,,,,7.394690126445363
