Mode,Daily_Travel_cap,Mode_Share,Ownership,Avg_trip_dist
2_3_Wheel,0.16827702085814578,0.01259317347092891,,
Bike,1.9081358630266618,0.14279719124247975,,
Car,7.566778973257165,0.5662672166435143,0.7120275144738065,
Foot,0.7010328824443625,0.05246247320297638,,
Transit,3.0183340504287433,0.22587994544010068,,
All,13.362558790015077,,,4.412296347636508
Commute,,,,8.214904718662863
