Mode,Daily_Travel_cap,Mode_Share,Ownership,Avg_trip_dist
2_3_Wheel,0.15323781644233747,0.012894899066639522,,
Bike,1.8258217886862602,0.1536421506478458,,
Car,6.382942407759401,0.5371219716329118,0.7120275144738065,
Foot,0.7004203194508254,0.05894008106634982,,
Transit,2.821177194142156,0.237400897586253,,
All,11.883599526480982,,,4.016885898492275
Commute,,,,7.394690126445363
