Mode,Daily_Travel_cap,Mode_Share,Ownership,Avg_trip_dist
2_3_Wheel,0.12081150138632046,0.007503400778927135,,
Bike,1.748790504953042,0.10861446043191735,,
Car,9.056565438441316,0.5624881686380542,0.7510149781097333,
Foot,0.8878866727893937,0.055145159821358855,,
Transit,4.286845320670326,0.26624881032974257,,
All,16.100899438240397,,,4.623570160323579
Commute,,,,9.00154979946575
