Mode,Daily_Travel_cap,Mode_Share,Ownership,Avg_trip_dist
2_3_Wheel,0.09689886807518493,0.007503400778927134,,
Bike,1.4026464242730485,0.10861446043191735,,
Car,7.263968492764483,0.5624881686380542,0.7246425122706909,
Foot,0.7121442295234661,0.05514515982135885,,
Transit,3.4383353771762053,0.26624881032974257,,
All,12.913993391812387,,,4.623570160323579
Commute,,,,9.00154979946575
