Mode,Daily_Travel_cap,Mode_Share,Ownership,Avg_trip_dist
2_3_Wheel,0.10471213506478128,0.006435447444549829,,
Bike,1.4722708951701924,0.09048351429513365,,
Car,9.761082481419834,0.5999011792876824,0.7246425122706909,
Foot,0.7250308090949493,0.0445592830737658,,
Transit,4.208054359450705,0.2586205758988682,,
All,16.271150680200464,,,5.5531679421256035
Commute,,,,11.121463693486726
