Mode,Daily_Travel_cap,Mode_Share,Ownership,Avg_trip_dist
2_3_Wheel,0.10441658966021536,0.006435447444549829,,
Bike,1.4681154751983383,0.09048351429513368,,
Car,9.733532254608129,0.5999011792876824,0.7244379295776283,
Foot,0.7229844414636891,0.044559283073765804,,
Transit,4.196177310746371,0.2586205758988683,,
All,16.225226071676744,,,5.5531679421256035
Commute,,,,11.121463693486726
