Mode,Daily_Travel_cap,Mode_Share,Ownership,Avg_trip_dist
2_3_Wheel,0.18042235473281706,0.01173036941696846,,
Bike,1.7147386569712972,0.11148572985657328,,
Car,8.754503202307061,0.5691842165410795,0.7370393447023446,
Foot,0.7229106294201786,0.04700087608938325,,
Transit,4.00821567726859,0.2605988080959954,,
All,15.380790520699946,,,5.248881552185416
Commute,,,,9.702858259124946
