Mode,Daily_Travel_cap,Mode_Share,Ownership,Avg_trip_dist
2_3_Wheel,0.22101329880380025,0.01392018949422462,,
Bike,2.047020914543735,0.12892852685025763,,
Car,8.506865203216774,0.5357920825195475,0.7789248331960771,
Foot,0.8732480589208722,0.05500021275386417,,
Transit,4.229028542520676,0.2663589883821061,,
All,15.877176018005859,,,4.626745819956871
Commute,,,,8.50435556149425
