Mode,Daily_Travel_cap,Mode_Share,Ownership,Avg_trip_dist
2_3_Wheel,0.18063631341278072,0.013920189494224623,,
Bike,1.6730500539259001,0.12892852685025766,,
Car,6.952743465327263,0.5357920825195476,0.7370393447023446,
Foot,0.7137141109248978,0.05500021275386418,,
Transit,3.456426058399816,0.26635898838210614,,
All,12.976570001990655,,,4.626745819956871
Commute,,,,8.50435556149425
