Mode,Daily_Travel_cap,Mode_Share,Ownership,Avg_trip_dist
2_3_Wheel,0.17985835017010568,0.011730369416968464,,
Bike,1.7093783432351108,0.1114857298565733,,
Car,8.727136417533163,0.5691842165410795,0.7370393447023446,
Foot,0.7206507936363626,0.04700087608938325,,
Transit,3.995685899937735,0.26059880809599545,,
All,15.332709804512477,,,5.248881552185416
Commute,,,,9.702858259124946
