Mode,Daily_Travel_cap,Mode_Share,Ownership,Avg_trip_dist
2_3_Wheel,0.04025824636645447,0.002998721641413843,,
Bike,1.20498254636935,0.0897557038732475,,
Car,8.497093560413074,0.6329241993501402,0.7274911600019693,
Foot,0.9386573619760973,0.06991790252383133,,
Transit,2.744144453056821,0.20440347261136702,,
All,13.425136168181798,,,4.238214877274797
Commute,,,,8.243409677878914
