Mode,Daily_Travel_cap,Mode_Share,Ownership,Avg_trip_dist
2_3_Wheel,0.04032287305419642,0.0036596145902319547,,
Bike,1.0994598608742656,0.09978454022415251,,
Car,6.53906953288584,0.5934714581703106,0.7274911600019693,
Foot,0.9138408329017874,0.08293816863550747,,
Transit,2.42564559688438,0.22014621837979748,,
All,11.01833869660047,,,3.661974332497342
Commute,,,,6.875399081408442
