Mode,Daily_Travel_cap,Mode_Share,Ownership,Daily_travel_all
2_3_Wheel,0.05001825051089275,0.003659614590231955,,
Bike,1.3638179668885761,0.09978454022415251,,
Car,8.111347065086965,0.5934714581703107,0.721452542789972,
Foot,1.13356802839245,0.08293816863550749,,
Transit,3.0088765984640173,0.2201462183797975,,
All,,,,3.661974332497342
