Mode,Daily_Travel_cap,Mode_Share,Ownership,Avg_trip_dist
2_3_Wheel,0.16630511246762253,0.011812806099965103,,
Bike,1.7294722015994215,0.12284601158458772,,
Car,8.33619411755044,0.5921275856234703,0.6308568075325202,
Foot,0.7651847431608224,0.054351780696881256,,
Transit,3.0812186889311595,0.21886181599509555,,
All,14.078374863709465,,,4.667295837292448
Commute,,,,9.093346329156203
