Mode,Daily_Travel_cap,Mode_Share,Ownership,Avg_trip_dist
2_3_Wheel,0.1658876718881632,0.011812806099965104,,
Bike,1.7251310730118379,0.12284601158458773,,
Car,8.315269531100379,0.5921275856234705,0.6308568075325202,
Foot,0.7632640616024566,0.05435178069688126,,
Transit,3.0734845567937676,0.21886181599509558,,
All,14.043036894396602,,,4.667295837292448
Commute,,,,9.093346329156203
