Mode,Daily_Travel_cap,Mode_Share,Ownership,Avg_trip_dist
2_3_Wheel,0.10180806901042946,0.008438217776644937,,
Bike,1.6966473165508948,0.14062421266186728,,
Car,6.834097641225488,0.5664345151032041,0.6308568075325202,
Foot,0.7558988945303433,0.06265161053706635,,
Transit,2.676663213801894,0.22185144392121728,,
All,12.06511513511905,,,4.14504238882319
Commute,,,,7.945178096281305
