Mode,Daily_Travel_cap,Mode_Share,Ownership,Avg_trip_dist
2_3_Wheel,0.09280248884228459,0.004564348014712109,,
Bike,0.17895769252395302,0.00880175950859829,,
Car,15.856150468916375,0.7798604306482658,0.7359936585595093,
Foot,0.9039591793786205,0.044459845174945646,,
Transit,3.3001663216483204,0.16231361665347827,,
All,20.332036151309552,,,5.116270395193366
Commute,,,,10.379328307482607
