Mode,Daily_Travel_cap,Mode_Share,Ownership,Avg_trip_dist
2_3_Wheel,0.07000174181197355,0.003984671815791357,,
Bike,0.1615197851659912,0.009194104589173436,,
Car,13.65118395187529,0.7770590636348507,0.7359083529425428,
Foot,0.8532084483040963,0.048566729469164335,,
Transit,2.831841975488093,0.16119543049102014,,
All,17.567755902645445,,,4.782322752038932
Commute,,,,9.73548050569574
