Mode,Daily_Travel_cap,Mode_Share,Ownership
2_3_Wheel,0.0777260368362035,0.003984671815791358,
Bike,0.17934257700770725,0.009194104589173437,
Car,15.15751464515358,0.7770590636348508,0.7586466550842523
Foot,0.9473551595326305,0.04856672946916434,
Transit,3.144319669820646,0.16119543049102017,
