Mode,Daily_Travel_cap,Mode_Share,Ownership,Avg_trip_dist
2_3_Wheel,0.17154681433744762,0.009751084915960443,,
Bike,0.188480488238724,0.010713630870475926,,
Car,11.232382274082111,0.6384724413923101,0.7456912456339957,
Foot,1.0727143476473975,0.06097535961176693,,
Transit,4.927463548362325,0.2800874832094867,,
All,17.592587472668004,,,4.871684997439023
Commute,,,,9.160948714433067
