Mode,Daily_Travel_cap,Mode_Share,Ownership,Avg_trip_dist
2_3_Wheel,0.14991107835244183,0.009751084915960443,,
Bike,0.16470905244956144,0.010713630870475924,,
Car,9.815737737118246,0.6384724413923101,0.7392254705263275,
Foot,0.9374220398148967,0.06097535961176693,,
Transit,4.306004614135793,0.2800874832094867,,
All,15.373784521870938,,,4.871684997439023
Commute,,,,9.160948714433067
