Mode,Daily_Travel_cap,Mode_Share,Ownership,Avg_trip_dist
2_3_Wheel,0.16691133121544177,0.010097320921687868,,
Bike,0.1831558774024108,0.011080036683898698,,
Car,10.711913527628983,0.6480184885364624,0.7076578312527316,
Foot,0.9940003362500052,0.06013216908819073,,
Transit,4.474278043754056,0.27067198476976045,,
All,16.530259116250896,,,4.91810830906457
Commute,,,,9.24686867486172
