Mode,Daily_Travel_cap,Mode_Share,Ownership,Avg_trip_dist
2_3_Wheel,0.1705045060576613,0.0129774108951453,,
Bike,0.04021642857168994,0.003060946190674771,,
Car,7.178261007064479,0.5463506200227457,0.7146974920308072,
Foot,0.6679672061030583,0.0508402100244206,,
Transit,5.08161195929151,0.38677081286701354,,
All,13.1385611070884,,,5.096815291738329
Commute,,,,8.856344531441659
