Mode,Daily_Travel_cap,Mode_Share,Ownership,Avg_trip_dist
2_3_Wheel,0.1705179440991063,0.012957387964266475,,
Bike,0.04067647594851044,0.0030909408547505836,,
Car,7.197575027945529,0.546932303997296,0.7146974920308072,
Foot,0.6684217396494162,0.050792307226936576,,
Transit,5.082709910430288,0.3862270599567504,,
All,13.15990109807285,,,5.099726794860769
Commute,,,,8.856108095201797
