Mode,Daily_Travel_cap,Mode_Share,Ownership
2_3_Wheel,0.14085303411824288,0.012841927582337863,
Bike,0.028772749427248608,0.0026232843815014676,
Car,6.010951470801275,0.548033657721396,0.7645252517439206
Foot,0.5086216901186085,0.04637232667509499,
Transit,4.279016941751349,0.3901288036396696,
