Mode,Daily_Travel_cap,Mode_Share,Ownership,Avg_trip_dist
2_3_Wheel,0.00539030108785045,0.00040993541345305033,,
Bike,1.568220220837298,0.1192640251698325,,
Car,8.849143974805727,0.6729823501314217,0.7231976997781758,
Foot,0.7607482672344247,0.05785533134046106,,
Transit,1.9656444210651003,0.14948835794483167,,
All,13.149147185030401,,,4.271324984024235
Commute,,,,7.2588851024847285
