Mode,Daily_Travel_cap,Mode_Share,Ownership,Daily_travel_all
2_3_Wheel,0.006581972422907359,0.0004720879850631259,,
Bike,1.839896628553242,0.13196547118234017,,
Car,8.879446129023652,0.6368728949605248,0.7363430303109576,
Foot,0.9214298039784109,0.06608899454263205,,
Transit,2.294903331422112,0.16460055132943982,,
All,,,,3.822117432073097
