Mode,Daily_Travel_cap,Mode_Share,Ownership,Avg_trip_dist
2_3_Wheel,0.005402810332927269,0.0004099354134530503,,
Bike,1.5718595817481555,0.11926402516983249,,
Car,8.869680139464583,0.6729823501314217,0.7231976997781758,
Foot,0.762513731975912,0.05785533134046106,,
Transit,1.9702060823519636,0.14948835794483165,,
All,13.179662345873542,,,4.271324984024235
Commute,,,,7.2588851024847285
