Mode,Daily_Travel_cap,Mode_Share,Ownership,Avg_trip_dist
2_3_Wheel,0.25516328793683085,0.018947911580954716,,
Bike,0.2357826766563691,0.017508746441265995,,
Car,10.233952843521466,0.7599527156536343,0.800197225261954,
Foot,0.6846742010022125,0.05084252647489955,,
Transit,2.0569922556960205,0.1527480998492454,,
All,13.4665652648129,,,4.736828045190757
Commute,,,,8.567037566732825
