Mode,Daily_Travel_cap,Mode_Share,Ownership,Avg_trip_dist
2_3_Wheel,0.3402045360491258,0.02029460469502496,,
Bike,0.3359898955659429,0.0200431839951978,,
Car,12.587567199582317,0.7509003358811679,0.7772036765603937,
Foot,0.8723380516892772,0.05203856516747236,,
Transit,2.627199783228284,0.15672331026113692,,
All,16.763299466114947,,,4.540332597336252
Commute,,,,8.152633045850646
