Mode,Daily_Travel_cap,Mode_Share,Ownership
2_3_Wheel,0.3184148228580738,0.018947911580954716,
Bike,0.29423001963796036,0.017508746441265998,
Car,12.770811616969327,0.7599527156536344,0.8047088993154083
Foot,0.8543956937942586,0.05084252647489956,
Transit,2.566892870889901,0.15274809984924542,
