Mode,Daily_Travel_cap,Mode_Share,Ownership,Avg_trip_dist
2_3_Wheel,0.2293255192848644,0.011420869489884295,,
Bike,0.30400569211481576,0.015140091450146833,,
Car,15.095182343328215,0.7517702696445429,0.8169623062964725,
Foot,0.80801894282745,0.04024095931479553,,
Transit,3.642982419236486,0.18142781010063053,,
All,20.07951491679183,,,4.948990587665522
Commute,,,,9.104748240052347
