Mode,Daily_Travel_cap,Mode_Share,Ownership,Avg_trip_dist
2_3_Wheel,0.20905399078316503,0.011796115663713051,,
Bike,0.27947334228895104,0.015769609842006496,,
Car,13.025236059026103,0.7349641617643349,0.8243156724199412,
Foot,0.7775105335599698,0.043871940206784296,,
Transit,3.430999807741381,0.19359817252316136,,
All,17.722273733399568,,,4.627516075189933
Commute,,,,8.540049722748602
