Mode,Daily_Travel_cap,Mode_Share,Ownership,Avg_trip_dist
2_3_Wheel,0.23561565590764388,0.011796115663713051,,
Bike,0.3149822426514299,0.015769609842006496,,
Car,14.68017676152619,0.7349641617643348,0.8367380440865236,
Foot,0.8762982885595644,0.043871940206784296,,
Transit,3.866930581384936,0.19359817252316133,,
All,19.974003530029766,,,4.627516075189933
Commute,,,,8.540049722748602
