Mode,Daily_Travel_cap,Mode_Share,Ownership
2_3_Wheel,0.14503018520910796,0.012132154599186214,
Bike,0.07063011572251637,0.005908394049614495,
Car,9.592878814193273,0.8024694215017941,0.828811754139135
Foot,0.9357900061095974,0.07828128337646269,
Transit,1.2098694527629146,0.10120874647294249,
