Mode,Daily_Travel_cap,Mode_Share,Ownership,Avg_trip_dist
2_3_Wheel,0.11414936790035349,0.012132154599186217,,
Bike,0.055591069216587755,0.005908394049614496,,
Car,7.5502975563744,0.8024694215017942,0.8144653036922256,
Foot,0.7365352083834347,0.0782812833764627,,
Transit,0.952255787825886,0.10120874647294252,,
All,9.40882898970066,,,3.996175014947708
Commute,,,,7.299424478798996
