Mode,Daily_Travel_cap,Mode_Share,Ownership,Avg_trip_dist
2_3_Wheel,0.30158799672154246,0.025852803977163438,,
Bike,0.14785581680163964,0.012674534431771493,,
Car,4.693219167529969,0.40231334296784244,0.6121226140733912,
Foot,0.7045647164693545,0.06039687819845802,,
Transit,5.81835399287921,0.4987624404247646,,
All,11.665581690401716,,,3.267681671958435
Commute,,,,7.497632955020685
