Mode,Daily_Travel_cap,Mode_Share,Ownership,Avg_trip_dist
2_3_Wheel,0.2983020932370514,0.02696200063688976,,
Bike,0.11603608538860465,0.010487908328767842,,
Car,4.290321898009086,0.38778025487960355,0.7125110328648859,
Foot,0.574737703004164,0.05194760166207944,,
Transit,5.784398904235902,0.5228222344926593,,
All,11.06379668387481,,,3.6946741025927587
Commute,,,,8.6562722748135
