Mode,Daily_Travel_cap,Mode_Share,Ownership,Avg_trip_dist
2_3_Wheel,0.36538039794892174,0.026962000636889763,,
Bike,0.14212877487933548,0.010487908328767842,,
Car,5.25507382604188,0.3877802548796036,0.6787332016598624,
Foot,0.7039772613095001,0.051947601662079436,,
Transit,7.085119486055644,0.5228222344926593,,
All,13.551679746235282,,,3.6946741025927587
Commute,,,,8.6562722748135
