Mode,Daily_Travel_cap,Mode_Share,Ownership,Avg_trip_dist
2_3_Wheel,0.02335308039110564,0.0017637985471451831,,
Bike,1.7942865943619402,0.13551788609022275,,
Car,6.427088032189455,0.4854215522620077,0.6997982349650909,
Foot,0.564951911302484,0.042669375674385654,,
Transit,4.430540149995579,0.33462738742623865,,
All,13.240219768240564,,,5.058850779009498
Commute,,,,11.895022558468623
