Mode,Daily_Travel_cap,Mode_Share,Ownership,Avg_trip_dist
2_3_Wheel,0.02313834665654926,0.0012182085908954174,,
Bike,1.90185709930331,0.10013069176534915,,
Car,9.652122963274188,0.5081736948958446,0.6997982349650909,
Foot,0.573802854838188,0.0302100913958925,,
Transit,6.842826464748104,0.36026731335201834,,
All,18.99374772882034,,,6.679051323244898
Commute,,,,14.841587428934123
