Mode,Daily_Travel_cap,Mode_Share,Ownership,Avg_trip_dist
2_3_Wheel,0.028881641513355354,0.0017637985471451831,,
Bike,2.2190623816084645,0.13551788609022275,,
Car,7.94862388223398,0.4854215522620077,0.7181364801694571,
Foot,0.6986974866381115,0.04266937567438566,,
Transit,5.4794172837017205,0.33462738742623865,,
All,16.37468267569563,,,5.058850779009498
Commute,,,,11.895022558468623
