Mode,Daily_Travel_cap,Mode_Share,Ownership,Avg_trip_dist
2_3_Wheel,0.023240096810973648,0.0012182085908954172,,
Bike,1.9102204563062815,0.10013069176534914,,
Car,9.694567871573563,0.5081736948958446,0.6997982349650909,
Foot,0.5763261349132757,0.030210091395892497,,
Transit,6.8729175797193784,0.36026731335201834,,
All,19.077272139323473,,,6.679051323244898
Commute,,,,14.841587428934123
