Mode,Daily_Travel_cap,Mode_Share,Ownership,Avg_trip_dist
2_3_Wheel,0.3231306696166168,0.01592731183382975,,
Bike,0.2921400278046563,0.014399763809201653,,
Car,15.216007647139511,0.7500064879309322,0.8203059032435751,
Foot,0.6700285479856337,0.03302612418065116,,
Transit,3.7865278022125803,0.18664031224538527,,
All,20.287834694759,,,5.781326734964885
Commute,,,,10.18766282558476
