Mode,Daily_Travel_cap,Mode_Share,Ownership
2_3_Wheel,0.34078060805926286,0.015976493398702916,
Bike,0.2819877421111372,0.013220163336202097,
Car,15.949686434051308,0.7477539918606171,0.8215071064915495
Foot,0.7037489291050716,0.03299319226003656,
Transit,4.05392171250226,0.1900561591444414,
