Mode,Daily_Travel_cap,Mode_Share,Ownership,Avg_trip_dist
2_3_Wheel,0.1605166208510028,0.0076874883964351045,,
Bike,0.4251149779784105,0.020359676418763704,,
Car,10.101820057586695,0.4837980270445493,0.6628134599431382,
Foot,0.9094114333497794,0.043553681882895,,
Transit,9.28337926942111,0.44460112625735687,,
All,20.880242359186997,,,6.957264650127652
Commute,,,,10.228588843192473
