Mode,Daily_Travel_cap,Mode_Share,Ownership,Daily_travel_all
2_3_Wheel,0.153621872985886,0.006967817426586229,,
Bike,0.4058027485735571,0.018405969204184896,,
Car,10.389040107355763,0.4712150249085134,0.7534390038991419,
Foot,0.8563062685038857,0.03883942842387152,,
Transit,10.242573756438873,0.464571760036844,,
All,,,,7.515434449854861
