geocode,n,m,k_avg,intersection_density_km,clean_intersection_density_km,node_density_km,street_density_km,streets_per_node_avg,street_length_avg,int_node_dens
14480,250.0,582.0,4.656,42.84964839698966,37.544453833552836,51.01148618689245,9746.978913971521,2.808,142.1683035714285,0.00023750947968617122
14478,184.0,472.0,5.130434782608695,29.17857009890248,26.321926872436503,37.544453833552836,6835.56424669479,2.6793478260869565,139.5838458333333,0.00019261937184170586
14471,126.0,315.0,5.0,21.42482419849483,19.5884106957667,25.709789038193794,4283.196781587724,2.753968253968254,123.4784411764705,0.00012854894519096895
14467,261.0,569.0,4.360153256704981,44.686061899717785,36.32017816506742,53.255991579115715,8522.52368505472,2.9157088122605366,115.69991689750684,0.0002322042851227344
14469,239.0,587.0,4.912133891213389,37.952545723047976,32.44330521486359,48.76698079466918,7208.077256942126,2.715481171548117,113.58763987138255,0.0002395499391336469
14476,4.0,6.0,3.0,0.4080918894951396,0.4080918894951396,0.8161837789902792,122.28534682505281,2.0,199.76766666666666,2.448551336970837e-06
14473,138.0,308.0,4.463768115942029,24.689559314455945,21.832916087989968,28.15834037516463,5354.00867884472,2.86231884057971,143.38377595628415,0.000125692301964503
14482,275.0,705.0,5.127272727272727,48.97102673941675,44.277970010222646,56.11263480558169,9448.747401587923,2.898181818181818,122.8301326259947,0.0002877047820940734
