geocode,n,m,k_avg,intersection_density_km,clean_intersection_density_km,street_length_total,street_density_km,streets_per_node_avg,street_length_avg,int_node_dens,bike_lane_share
14480,245.0,568.0,4.636734693877551,40.80918894951396,36.11613222031985,47519.01100000002,9696.061492965166,2.7755102040816326,146.2123415384616,0.00023179619323323927,0.0204
14478,186.0,472.0,5.075268817204301,29.38261604365005,26.730018761931643,33621.001999999986,6860.22911644993,2.6666666666666665,140.6736485355648,0.00019261937184170586,0.0599
14471,141.0,350.0,4.964539007092198,23.873375535465666,22.445053922232677,23665.82000000001,4828.914600125934,2.730496453900709,126.55518716577546,0.00014283216132329884,0.2457
14467,256.0,553.0,4.3203125,43.05369434173723,35.29994844132957,40696.01699999999,8303.85723622816,2.9140625,116.60749856733523,0.00022567481489081217,0.1762
14469,240.0,585.0,4.875,37.952545723047976,32.44330521486359,35517.31599999999,7247.164298117975,2.7041666666666666,114.57198709677417,0.00023873375535465665,0.0103
14476,5.0,6.0,2.4,0.4080918894951396,0.4080918894951396,599.418,122.30881210869879,1.8,199.806,2.448551336970837e-06,
14473,140.0,303.0,4.328571428571428,24.689559314455945,21.6288701432424,27496.563999999988,5610.562378692014,2.8785714285714286,151.91471823204412,0.0001236518425170273,0.0866
14482,282.0,714.0,5.0638297872340425,49.9912564631546,45.298199733960494,46339.722,9455.432354829743,2.882978723404255,120.676359375,0.00029137760909952966,0.0855
