geocode,Area,Pop_2018,Density
14467,4.048176127158468,14979.0,3700.0
14469,47.54800108855726,33286.0,700.0
14471,14.045051172317327,19233.0,1369.0
14473,18.88082631669115,13481.0,714.0
14476,78.06023897966756,16437.0,211.0
14478,6.510753869352471,26668.0,4096.0
14480,9.512236583357787,29032.0,3052.0
14482,9.734437634466198,25137.0,2582.0
