variable,value
Area,108.1013960969339
Pop_2018,204927.0
density,1895.6924461571537
