variable,value
Area,297.88524759659003
Pop_2018,595776.0
density,2000.018479622151
