variable,value
Area,328.26106016630837
Pop_2018,565461.0
density,1722.5954236348289
