variable,value
Area,251.28790742796585
Pop_2018,747318.0
density,2973.951304100163
