variable,value
Area,891.1770232444926
Pop_2018,3748148.0
density,4205.840032044569
