variable,value
Area,215.24816710044036
Pop_2018,642247.0
density,2983.75130739353
