variable,value
Area,201.68321225494228
Pop_2018,242478.0
density,1202.271608474235
