variable,value
Area,188.33972177156824
Pop_2018,178253.0
density,946.4440019519508
