geocode,score_spatiotemporal
34117,2985.800485915621
34119,2160.7560445409276
34121,1136.1012537470942
34123,607.5676243470393
34125,591.3752216612542
34127,1048.3397102626493
34128,382.86194587958977
34130,997.9831614375421
34131,410.09463792532904
34132,391.76733658778767
34134,490.5174633782839
34225,79.23546085063853
34246,238.67733596794602
