geocode,score_spatiotemporal
39104,2635.684939772478
39106,2440.584396935528
39108,2619.944678163687
39110,610.2697924535393
39112,2112.82976143819
39114,214.71722010877335
39116,191.38615304783508
39118,1152.2023118344187
39120,556.535826763822
39122,269.38664502868585
39124,2151.3387477806596
39126,337.1139729340971
39128,624.9318012615287
39130,876.6805122304066
39179,0.7713375838274544
