geocode,score_spatiotemporal
14467,1495.2945292980248
14469,273.58289542999285
14471,336.49608335796825
14473,461.33817965879365
14476,88.72712010106918
14478,653.3172211684753
14480,787.2624108169149
14482,637.9045947668004
