Res_geocode,Share_Distance_2_3_Wheel,Share_Distance_Bike,Share_Distance_Car,Share_Distance_Foot,Share_Distance_Transit,Daily_Distance_Person,Daily_Distance_Person_Car,CarOwnership_HH
14467,0.006924636286149643,0.09948404444535974,0.58062513166278,0.05595640193902484,0.2570097856666858,13.53978748809877,7.861540892963409,0.66
14469,0.0006649287414759048,0.14921040768635602,0.48407856537637606,0.03208509317170454,0.33396100502408754,12.154826951604454,5.883891193130794,0.599
14471,,0.20270715877861892,0.3041914054219733,0.04257243697442235,0.4505289988249855,13.19823498745147,4.014789649922323,0.521
14473,,0.18387762975557778,0.3126520832757719,0.05802515538023622,0.44544513158841414,12.11857483012156,3.7888976669708394,0.443
14476,,0.0895347336408085,0.6879487553304626,0.03055443150627918,0.1919620795224497,19.026070628416562,13.088961607648649,0.731
14478,0.002757034103189404,0.09608427440127813,0.5404990559681094,0.047292707608701606,0.31336692791872145,13.514457835957934,7.304551702256083,0.687
14480,0.0037407792450714263,0.08233955298042187,0.5702763588370893,0.04066074051778754,0.30298256841963,13.336264576892699,7.605356403398423,0.538
14482,0.0018226895404601041,0.18229571395416333,0.3712608230621472,0.05292061188403335,0.39170016155919607,11.75717523619796,4.36497855507675,0.569
