Res_geocode,Share_Distance_2_3_Wheel,Share_Distance_Bike,Share_Distance_Car,Share_Distance_Foot,Share_Distance_Transit,Daily_Distance_Person,Daily_Distance_Person_Car,CarOwnership_HH,MeanTime2Transit
14467,0.0069246362861496435,0.09948404444535974,0.5806251316627798,0.05595640193902484,0.2570097856666858,15.729000000000001,9.133000000000001,0.688,2.520684256360939
14469,0.0006649287414759048,0.14921040768635602,0.48407856537637606,0.03208509317170454,0.33396100502408754,16.199,7.8420000000000005,0.766,3.8362799119317628
14471,,0.20270715877861895,0.30419140542197326,0.042572436974422354,0.45052899882498554,16.796,5.109,0.676,2.899450565934202
14473,,0.18387762975557778,0.3126520832757719,0.05802515538023622,0.4454451315884141,14.504,4.535,0.54,3.077124256185037
14476,,0.08953473364080848,0.6879487553304626,0.03055443150627918,0.19196207952244967,22.682000000000002,15.604000000000001,0.824,6.2829653112418145
14478,0.0027570341031894043,0.09608427440127813,0.5404990559681094,0.047292707608701606,0.3133669279187215,16.212,8.763,0.797,4.3804086000293285
14480,0.0037407792450714255,0.08233955298042185,0.5702763588370892,0.04066074051778754,0.30298256841962995,17.13,9.769,0.684,3.4709306283599677
14482,0.001822689540460104,0.1822957139541633,0.3712608230621472,0.052920611884033346,0.39170016155919607,13.577,5.041,0.625,3.3888004872699518
