Res_geocode,Share_Distance_2_3_Wheel,Share_Distance_Bike,Share_Distance_Car,Share_Distance_Foot,Share_Distance_Transit,Daily_Distance_Person,Daily_Distance_Person_Car,CarOwnership_HH
14467,0.004373123134955428,0.06774654218036062,0.616369921533166,0.036148168930977415,0.27536224422054045,21.43962126229937,13.214737675144258,0.733
14469,0.00048197749623051325,0.1081560387186392,0.5053921215328954,0.02383323285436341,0.36213662939787156,16.42216310125098,8.299631849900466,0.779
14471,,0.15886981220364926,0.27664394427813366,0.028993433166931995,0.5354928103512852,19.422643736317447,5.373156771523845,0.66
14473,,0.1373041577740996,0.33764710209810317,0.04205629335232478,0.4829924467754725,17.112778784364533,5.7780801653865845,0.495
14476,,0.0660898830143102,0.7329096876112194,0.02255369197746027,0.17844673739701009,25.67467332398106,18.81721680539907,0.814
14478,0.001914291749797909,0.07249716156720215,0.5537470003696604,0.0367321561375278,0.3351093901758117,19.464024302348275,10.778145072547527,0.76
14480,0.0025749699322642193,0.06100555701988755,0.6233168283812976,0.027988870071615584,0.28511377459493503,19.23256431201435,11.987980988604118,0.675
14482,0.0011886761337278422,0.1274237765838474,0.4042429583684866,0.03457770255663549,0.4325668863573027,17.912476777247917,7.240992604141512,0.648
