param,coefficient,p
Intercept,1201.892097291958,0.0719422926634974
DistSubcenter_res,64.87365782940952,0.04075947566254805
DistCenter_res,206.73231962437995,5.136946993509857e-22
UrbPopDensity_res,-0.00635855141947073,0.6188035997746019
UrbBuildDensity_res,-1.336134966735123e-05,0.48039960576165713
IntersecDensity_res,-14.744400099234344,0.012655284766074786
LU_UrbFab_res,287.3005367676518,0.45305306781398
Commute_Trip,7302.288247216991,0.0001796066381430601
Age,27.33783549072317,0.0030983854847160043
