param,coefficient,p
Intercept,4405.28711061022,0.004571029317041769
DistCenter_res,364.89831719943527,0.0046311830699999525
UrbPopDensity_res,-0.024302890636012195,0.7582817348443694
Commute_Trip,-359.6871670364395,0.5506602086539355
LU_UrbFab_res,-2642.035953786604,0.18254987527859715
DistSubcenter_res,31.157532620115543,0.6490501308095331
