param,coefficient,p
Intercept,3917.7929258867084,0.005229111841136137
DistCenter_res,375.834019857218,0.003731870569673628
UrbPopDensity_res,-0.0042549990503684704,0.8374308380594995
Commute_Trip,-1434.5497927480872,0.5514268360738217
LU_UrbFab_res,-1984.7453343226985,0.24763093046630621
DistSubcenter_res,87.2317804036466,0.559653882638862
