param,coefficient,p
Intercept,1761.8956474282274,0.13215452167431752
DistCenter_res,452.5031225080279,4.33198329691699e-05
UrbPopDensity_res,-0.06687756848243341,0.5577263169706232
Commute_Trip,819.8726206060871,0.6867584598623979
LU_UrbFab_res,686.3853275080693,0.5884373336002242
DistSubcenter_res,289.25040837018975,0.04753090143818098
