param,coefficient,p
Intercept,1544.3806560758703,0.1445697081990809
DistCenter_res,464.42300708212696,3.380544705675681e-05
UrbPopDensity_res,-0.07323570164002029,0.5219471367425547
Commute_Trip,1073.6241354142787,0.6894136226615052
LU_UrbFab_res,1032.917288920536,0.46003653540706296
DistSubcenter_res,302.8007643863448,0.028612821449562353
