param,coefficient,p
Intercept,1598.4756143853926,0.4181093716305051
DistSubcenter_res,100.9281077657491,0.3062351880391186
DistCenter_res,88.5264647485758,0.24520973140487196
UrbPopDensity_res,-8.395873397450199,0.3509952103699373
UrbBuildDensity_res,-117.0277938946704,0.4665994836619557
street_length_res,5.023263994467937,0.5541511232846014
LU_Comm_res,-4.768749543742905,0.6438632238041678
Commute_Trip,32.33567022532764,0.3828282526508728
Age,40.805871179462684,0.04702419285917378
