param,coefficient,p
Intercept,3054.5937010979014,0.00797061646728841
DistCenter_res,159.8112520076831,0.02537242256641606
UrbPopDensity_res,-0.048035235482680995,0.5675394656371668
Commute_Trip,4241.858454105073,0.2611977443663942
LU_UrbFab_res,-1498.272202164329,0.4444857482943081
DistSubcenter_res,192.21835377592382,0.05436469939338493
