param,coefficient,p
Intercept,4687.349527130497,0.21272238108212535
DistSubcenter_res,77.64453092683917,0.48054545605041477
DistCenter_res,156.21948622548575,0.021163681744647556
UrbPopDensity_res,-7.906895039587928,0.15224697328313389
UrbBuildDensity_res,98.35943288960095,0.1390311667424937
street_length_res,-5.447031846486891,0.6225699159306919
LU_Comm_res,-12.609778800067343,0.30537228209555467
Commute_Trip,62.29346769482318,0.2740714268228212
Age,-14.270262715662497,0.6017873810799579
