param,coefficient,p
Intercept,2702.9123621818617,0.023751554078676226
DistCenter_res,157.48934697818171,0.016096582225746666
UrbPopDensity_res,-0.07382876085145142,0.18885201723373968
Commute_Trip,9805.57809271094,0.07533229553954976
LU_UrbFab_res,1145.2374209959507,0.3448234180833175
DistSubcenter_res,30.98275611249703,0.7176580477839807
