param,coefficient,p
Intercept,4777.251487840736,0.00045310139719731196
DistCenter_res,169.68595452288898,0.10234306176987823
UrbPopDensity_res,0.07656681734418969,0.444566484486989
Commute_Trip,229.0886291759598,0.6949253922104401
LU_UrbFab_res,-2617.6859664281565,0.30519762917486004
DistSubcenter_res,-131.24958306571406,0.49751365350501753
