param,coefficient,p
Intercept,3787.079785742331,0.3626902614718432
DistSubcenter_res,-32.141819194750276,0.7145510547077848
DistCenter_res,184.0382347584833,0.10229405599107796
UrbPopDensity_res,0.7750091116012592,0.7435797728290848
UrbBuildDensity_res,5.027618540802746,0.6829385876754961
street_length_res,-8.066261585408283,0.5691782998046202
LU_Comm_res,19.303294784056387,0.5765779152372095
Commute_Trip,-6.750056921973825,0.6123046578760177
Age,24.6322261575261,0.5381646757573598
