param,coefficient,p
Intercept,3481.656718054814,1.2092811654926907e-06
DistSubcenter_res,30.660698382744496,0.3649525939049665
DistCenter_res,163.025898465389,4.03846539276134e-14
UrbPopDensity_res,-0.02568606605292646,0.4543825480011369
UrbBuildDensity_res,-8.444268109761996e-06,0.594684047186306
IntersecDensity_res,-27.61103729445841,1.157910105220008e-06
LU_UrbFab_res,-521.7525339248931,0.29794936573558706
Commute_Trip,9232.30730630636,1.4352670217740472e-13
Age,26.8085597781859,0.04164645670389007
