param,coefficient,p
Intercept,3569.6654527535084,5.644156657352781e-07
DistSubcenter_res,25.54098860101698,0.4362052518514906
DistCenter_res,165.42412485491232,2.6514106078612644e-14
UrbPopDensity_res,-0.019202950080913904,0.5469438430801498
UrbBuildDensity_res,-2.243676127913811e-05,0.4749523364323804
IntersecDensity_res,-27.26968071234238,7.059135962613243e-06
LU_UrbFab_res,-545.68315301959,0.2596089635486797
Commute_Trip,9094.288568071217,7.992591727091681e-16
Age,25.404413247211572,0.03375566504676347
