param,coefficient,p
Intercept,3020.4017518445344,0.013555951626787292
DistSubcenter_res,66.74118201358777,0.34575508017002987
DistCenter_res,184.69673585466816,4.2085350610931273e-05
UrbPopDensity_res,-0.029435706388108055,0.37541674318105633
UrbBuildDensity_res,6.594476614664498e-05,0.18197826154509503
street_length_res,-2.34273064133543,0.6013950020909893
LU_Comm_res,-1970.7594201982909,0.05444839463563195
Commute_Trip,3450.6392964382057,0.048795530925640145
Age,17.74106385989426,0.23291645676648243
