param,coefficient,p
Intercept,3020.4017518060527,0.013555951627289176
DistSubcenter_res,66.74118201562679,0.3457550801700308
DistCenter_res,184.69673585453532,4.208535061166193e-05
UrbPopDensity_res,-2.9435706388167775,0.37541674318011947
UrbBuildDensity_res,65.94476614961768,0.18197826153287253
street_length_res,-2.342730641335415,0.6013950020909904
LU_Comm_res,-19.70759420198292,0.05444839463563155
Commute_Trip,34.50639296438204,0.04879553092564013
Age,17.74106385989427,0.23291645676648237
