param,coefficient,p
Intercept,2735.864405378272,0.006074973862593041
DistSubcenter_res,97.52809779780489,0.16240316162145368
DistCenter_res,171.74679532646033,0.0005271024196088039
UrbPopDensity_res,0.03802667390657809,0.436218538561986
UrbBuildDensity_res,2.9773484757357984e-05,0.3454954802377784
IntersecDensity_res,-1.1003480692581107,0.6746486456779627
LU_UrbFab_res,-1583.0684545514907,0.1357189052401196
Commute_Trip,3615.426086962221,0.0490835176358358
Age,16.601728716988188,0.26771692547738907
