param,coefficient,p
Intercept,2.967534716216907,
DistSubcenter_res,-20.40750335085712,
DistCenter_res,76.6219322387059,
UrbPopDensity_res,2.436172807539819,
UrbBuildDensity_res,-41.148062510687495,
street_length_res,54.932248837772306,
LU_Comm_res,3.8028805953039653,
Commute_Trip,16.444889679435505,
Age,-48.61733340278258,
