param,coefficient,p
Intercept,1085.12258079663,
DistSubcenter_res,-110.0713109494292,
DistCenter_res,251.9800955037481,
UrbPopDensity_res,-0.0666800704189528,
UrbBuildDensity_res,-0.00014278015828236672,
IntersecDensity_res,-6.6937870147599146,
street_length_res,32.798536034994186,
LU_Comm_res,813.7555265321123,
LU_UrbFab_res,-340.44674868241833,
Commute_Trip,260.2802326314607,
Age,-16.44494637340559,
