param,coefficient,p
Intercept,198.44072462918143,
DistSubcenter_res,201.68256795108275,
DistCenter_res,258.981507733752,
UrbPopDensity_res,-0.06574180218888373,
UrbBuildDensity_res,-1.855644686961644e-05,
street_length_res,72.65582645832535,
LU_Comm_res,-76.06829420329886,
LU_UrbFab_res,145.53005781235694,
Commute_Trip,99.37079311442784,
Age,-113.06801340340016,
