param,coefficient,p
Intercept,2209.409999831183,0.1464851829362369
DistCenter_res,269.2207444289548,0.027156474862070113
UrbPopDensity_res,0.07880236428861392,0.43538810764725366
Commute_Trip,6381.649964634674,0.17784290972708763
LU_UrbFab_res,-2239.3231303530465,0.38442010389770404
DistSubcenter_res,112.18175651038179,0.35633834497930683
