param,coefficient,p
Intercept,2192.6412187490873,0.3473015135315017
DistSubcenter_res,138.29686363475395,0.2463674722335763
DistCenter_res,317.1651638615915,0.030844769398881335
UrbPopDensity_res,-0.9088426005104918,0.6228986505046925
UrbBuildDensity_res,138.17673968026753,0.07331680817994814
street_length_res,0.7977168468990911,0.6518466561375988
LU_Comm_res,-43.07784500600812,0.061200066428676224
Commute_Trip,83.61752322290988,0.11484486400445332
Age,-17.695294817891977,0.48084812762166557
