param,coefficient,p
Intercept,4230.701168448639,1.4126208673698611e-09
DistCenter_res,115.91725651618837,0.00610972391968835
UrbPopDensity_res,-0.09269746364540823,0.20475324173451517
Commute_Trip,9605.435628733252,9.760151689959431e-05
LU_UrbFab_res,-1634.5661166508653,0.0833756102581619
DistSubcenter_res,54.3858894074929,0.4536225975262295
