param,coefficient,p
Intercept,4287.0949236968,1.4710728180653365e-09
DistCenter_res,111.47303050369447,0.007193485469826432
UrbPopDensity_res,-0.11303821429959018,0.1311609460704993
Commute_Trip,9426.065152492076,5.56868786962589e-05
LU_UrbFab_res,-1420.8890644055055,0.11425844029525915
DistSubcenter_res,60.30499719890327,0.4003115882605344
