param,coefficient,p
Intercept,2889.2053623175966,0.0004738095985271701
DistCenter_res,256.2435468095155,1.6476527950659298e-07
UrbPopDensity_res,-0.07734868014197356,0.014979011085694348
Commute_Trip,9298.617170801022,0.00708000212645031
LU_UrbFab_res,-539.9860736102773,0.5394937960052532
DistSubcenter_res,-0.17023228494543347,0.6909701773830359
