param,coefficient,p
Intercept,3020.7138469266642,5.915925692726562e-05
DistCenter_res,248.63040142818292,1.0117247835198546e-07
UrbPopDensity_res,-0.07788852515409588,0.011375241793720103
Commute_Trip,9212.44945997517,0.002956960832206433
LU_UrbFab_res,-646.6482347468196,0.4287500530704114
DistSubcenter_res,-6.5077535011787395,0.6358425977962864
