param,coefficient,p
Intercept,3275.7714899147622,1.0421157068230566e-05
DistSubcenter_res,153.51415860905945,1.227079367511847e-08
DistCenter_res,108.9236552686744,3.915540883027529e-24
UrbPopDensity_res,-0.013890014980056917,0.057746341593198185
UrbBuildDensity_res,-4.975456777617565e-06,0.34398364837679024
IntersecDensity_res,-13.058103094380801,1.7368389669636202e-06
LU_UrbFab_res,-617.0936333343793,0.17557461054222367
Commute_Trip,5159.838626342771,1.523948777268568e-06
Age,16.23477256024518,0.24781343512274728
