param,coefficient,p
Intercept,3263.9931462807886,1.0589436389341971e-05
DistSubcenter_res,155.0068564040568,4.01169718252994e-10
DistCenter_res,110.98449215913045,2.106390592922411e-25
UrbPopDensity_res,-0.015375933300017132,0.034481080540538875
UrbBuildDensity_res,-3.3716238571650766e-07,0.7435392268158099
IntersecDensity_res,-13.011049216216595,2.2099464194346665e-06
LU_UrbFab_res,-590.7262517895432,0.17723966556950724
Commute_Trip,5027.738842898549,7.427717105327761e-06
Age,15.853162811416741,0.2689196842307899
