param,coefficient,p
Intercept,3572.6419093342547,
DistSubcenter_res,-91.30318892855004,
DistCenter_res,501.092461387945,
UrbPopDensity_res,-0.601030461589782,
UrbBuildDensity_res,0.0001881908973453083,
IntersecDensity_res,71.69550046573887,
street_length_res,-30.49926218986833,
LU_Comm_res,-1438.4905753576293,
LU_UrbFab_res,2683.4931049216602,
Commute_Trip,780.7841316008756,
Age,20.866150397673568,
