param,coefficient,p
Intercept,2762.1523440231776,
DistSubcenter_res,-191.71880782602122,
DistCenter_res,611.0333649319657,
UrbPopDensity_res,-0.315126217286678,
UrbBuildDensity_res,0.00019724872961264135,
IntersecDensity_res,91.54064303360762,
street_length_res,-20.69860426995266,
LU_Comm_res,-2188.61372086205,
LU_UrbFab_res,166.62732295338603,
bike_lane_share_res,3380.6770464556835,
Commute_Trip,-497.45783334820675,
Age,-7.666519034270958,
