param,coefficient,p
Intercept,2044.5520446773573,
DistSubcenter_res,94.10722901220504,
DistCenter_res,608.9788584255878,
UrbPopDensity_res,0.05501227022959253,
UrbBuildDensity_res,2.653739013132094e-05,
street_length_res,-35.941980681907566,
LU_Comm_res,613.9881583604592,
LU_UrbFab_res,-1020.1550844176415,
Commute_Trip,951.3740209311318,
Age,88.18530119647859,
