param,coefficient,p
Intercept,95.41171987593157,
DistSubcenter_res,43.150814484900934,
DistCenter_res,279.77321743471066,
UrbPopDensity_res,28.7938028999329,
UrbBuildDensity_res,113.4787578593195,
street_length_res,-10.691163235150384,
LU_Comm_res,-64.61863622043882,
Commute_Trip,133.54623848601264,
Age,53.15283236506474,
