param,coefficient,p
Intercept,1968.7664108393312,0.0027897280450135675
DistCenter_res,246.86484497258084,1.7679544897821352e-06
UrbPopDensity_res,-0.07750672388169022,0.01942533092313413
Commute_Trip,9959.698272114538,0.0002530584473167137
LU_UrbFab_res,139.50888509682247,0.6826382717746536
DistSubcenter_res,116.1646279280888,0.10835750498468256
