param,coefficient,p
Intercept,3459.8621577461245,2.353368004567715e-06
DistCenter_res,273.7675018517874,1.6896466265980285e-07
UrbPopDensity_res,-0.08173565522486312,0.1342419650278974
Commute_Trip,4718.031481979443,0.04184218701581509
LU_UrbFab_res,-1090.280137034631,0.08284837801776362
DistSubcenter_res,97.57567994715535,0.24689717218389734
