param,coefficient,p
Intercept,480.24654449554686,0.7286082533534668
DistCenter_res,574.8243754177785,0.053191209005952284
UrbPopDensity_res,-0.06747819524636875,0.2653024801992672
Commute_Trip,9167.631619374984,0.07174117655921396
LU_UrbFab_res,1099.45285347859,0.3704400068155909
DistSubcenter_res,270.031637624138,0.28188005452216147
