param,coefficient,p
Intercept,480.24653540021643,0.7286082559105576
DistCenter_res,574.8243774607621,0.053191208496615475
UrbPopDensity_res,-0.06747819527583498,0.2653024791774342
Commute_Trip,9167.631619840846,0.07174117634742255
LU_UrbFab_res,1099.45286563466,0.37044000217893236
DistSubcenter_res,270.0316364641569,0.2818800568295371
