param,coefficient,p
Intercept,-996.540096135766,0.25795116965673776
DistSubcenter_res,71.45763562730822,0.061041427105496336
DistCenter_res,146.26012100941145,1.889690999371413e-08
UrbPopDensity_res,-0.008973319112144287,0.5311712688916969
UrbBuildDensity_res,1.9883104241228638e-05,0.3506200882179798
IntersecDensity_res,4.4520418555306485,0.3730136278530612
LU_UrbFab_res,180.5345092004488,0.6654745630128641
Commute_Trip,9778.83625036077,2.096693295391803e-07
Age,18.100562272426217,0.2069737086501061
