param,coefficient,p
Intercept,3.6619215499540507,
DistSubcenter_res,51.615996237438836,
DistCenter_res,153.71039472742936,
UrbPopDensity_res,0.5116129827963121,
UrbBuildDensity_res,-0.002534572046239358,
street_length_res,34.827903347467675,
LU_Comm_res,2.142536109290115,
LU_UrbFab_res,8.55689811438494,
Commute_Trip,0.9765922368760764,
Age,100.6141606883204,
