param,coefficient,p
Intercept,7.918269283078816,
DistSubcenter_res,25.980950585292415,
DistCenter_res,38.082323231562,
UrbPopDensity_res,-7.21212761336524,
UrbBuildDensity_res,22.865244574566187,
street_length_res,23.069646696806302,
LU_Comm_res,-43.36730181173866,
Commute_Trip,10.20019837901367,
Age,79.41674321362905,
