param,coefficient,p
Intercept,9.675321673935787,
DistSubcenter_res,4.326382914048452,
DistCenter_res,109.40939733446658,
UrbPopDensity_res,0.3658163901493978,
UrbBuildDensity_res,-0.0018466857724604138,
IntersecDensity_res,-3.809167003449209,
street_length_res,24.538570313192412,
LU_Comm_res,-3.853100941538373,
LU_UrbFab_res,4.122954884593241,
Commute_Trip,-1.91534269190776,
Age,88.50918959352278,
