param,coefficient,p
Intercept,3880.4679019833384,
DistCenter_res,65.11670117891003,
UrbPopDensity_res,0.2827924559920373,
Commute_Trip,488.2344647847829,
LU_UrbFab_res,384.3422779597894,
DistSubcenter_res,415.76975421626037,
