param,coefficient,p
Intercept,4001.5039759130073,1.1351056363057166e-07
DistCenter_res,123.51730611282845,0.0008565035810659901
UrbPopDensity_res,-0.10697191488565816,0.07950480053723101
Commute_Trip,9266.307642029333,4.01350554068744e-06
LU_UrbFab_res,-2156.1401289064747,0.0017159513433965508
DistSubcenter_res,238.48825653689,0.00026902565107509693
