param,coefficient,p
Intercept,1316.5455049516145,0.5542437270088411
DistCenter_res,271.1943595855974,0.06272392902366158
UrbPopDensity_res,-19.460842961577654,0.049297581213006786
Commute_Trip,281.7980531412564,0.013855844147229474
