param,coefficient,p
Intercept,1316.5455049516254,0.5542437270088472
DistCenter_res,271.19435958559507,0.06272392902366161
UrbPopDensity_res,-0.19460842961633304,0.049297581212409555
Commute_Trip,28179.80531412563,0.013855844147229467
