grid_id,Num. Bldgs,Sum Bldg Footprint (m2),Sum Bldg Volume (m3),geometry,area_cell,centerpoint,dist2center,DistGroup,group_mean,group_SD,cutoff,isCenter_dist,isCenter_regional,isCenter_regional_dist,contig_group,type
174058,934,250066.21412973845,2454798.239375637,"POLYGON ((4589000 3106000, 4589000 3107000, 4590000 3107000, 4590000 3106000, 4589000 3106000))",1000000.0,POINT (13.827395698869537 51.00656209407338),7382.4115301167,7-8,384963.6440761379,495640.90643122746,880604.5505073654,True,True,True,0,subcenter
177771,1096,286040.1911752573,3961940.351285942,"POLYGON ((4583000 3112000, 4583000 3113000, 4584000 3113000, 4584000 3112000, 4583000 3112000))",1000000.0,POINT (13.746361598151399 51.063204450614464),1581.1388300841897,1-2,1843517.5334964292,900673.121794882,2744190.6552913114,True,True,True,1,subcenter
179031,1252,211946.3310931584,2270334.924890522,"POLYGON ((4581000 3114000, 4581000 3115000, 4582000 3115000, 4582000 3114000, 4581000 3114000))",1000000.0,POINT (13.71930692983138 51.0820726982335),3535.5339059327375,3-4,1154230.233399949,703793.8461231649,1858024.079523114,True,True,True,2,subcenter
180918,276,119501.84470083,1496314.0226630399,"POLYGON ((4585000 3117000, 4585000 3118000, 4586000 3118000, 4586000 3117000, 4585000 3117000))",1000000.0,POINT (13.778526350851834 51.10715559413892),6964.19413859206,6-7,412774.7035942767,522279.39595977584,935054.0995540526,True,True,True,3,subcenter
182165,211,111126.95302419743,1403345.4009495073,"POLYGON ((4581000 3119000, 4581000 3120000, 4582000 3120000, 4582000 3119000, 4581000 3119000))",1000000.0,POINT (13.722922582428419 51.12694986265977),8514.693182963201,8-9,389591.57418774726,515913.3651436296,905504.9393313769,True,True,True,4,subcenter
182168,285,150861.76516337672,1597877.5632655735,"POLYGON ((4584000 3119000, 4584000 3120000, 4585000 3120000, 4585000 3119000, 4584000 3119000))",1000000.0,POINT (13.765727847003497 51.125569267150965),8631.338250816034,8-9,389591.57418774726,515913.3651436296,905504.9393313769,True,True,True,5,subcenter
