plz,minDist_subcenter,Distance2Center,build_vol_density
14480,0.5228071348706876,6.36474076036031,1442632.5726488563
14478,2.4261595360524577,4.891375761676115,2049791.1478565645
14471,0.5701599750604749,1.7370785642191873,609515.221423647
14467,1.728440400362133,0.9713642944860292,2612291.3852254166
14469,1.1906935902755575,2.2425146833650285,328135.29807234305
14476,6.1273312437430985,7.801221004404276,213379.18034537224
14473,3.2652593033435284,1.6557236312211012,513371.1643888439
14482,2.998146780379738,4.116297613768481,1651838.5841297763
